prompt,response
## Founder’s CheckIn ### **Questions,for Discussion** amongst founders * _How will you describe the
Founder’s CheckIn ### **Questions for,Discussion** amongst founders * _How will you describe the culture
CheckIn ### **Questions for Discussion**,amongst founders * _How will you describe the culture at
### **Questions for Discussion** amongst,founders * _How will you describe the culture at your
**Questions for Discussion** amongst founders,* _How will you describe the culture at your company?_
for Discussion** amongst founders *,_How will you describe the culture at your company?_ *
Discussion** amongst founders * _How,will you describe the culture at your company?_ * _What
amongst founders * _How will,you describe the culture at your company?_ * _What are
founders * _How will you,describe the culture at your company?_ * _What are your
* _How will you describe,the culture at your company?_ * _What are your core
_How will you describe the,culture at your company?_ * _What are your core values?_
will you describe the culture,at your company?_ * _What are your core values?_ *
you describe the culture at,your company?_ * _What are your core values?_ * _What
describe the culture at your,company?_ * _What are your core values?_ * _What are
the culture at your company?_,* _What are your core values?_ * _What are some
culture at your company?_ *,_What are your core values?_ * _What are some rituals,
at your company?_ * _What,are your core values?_ * _What are some rituals, processes
your company?_ * _What are,your core values?_ * _What are some rituals, processes or
company?_ * _What are your,core values?_ * _What are some rituals, processes or best
* _What are your core,values?_ * _What are some rituals, processes or best practices
_What are your core values?_,* _What are some rituals, processes or best practices which
are your core values?_ *,_What are some rituals, processes or best practices which help
your core values?_ * _What,are some rituals, processes or best practices which help you
core values?_ * _What are,some rituals, processes or best practices which help you reinforce/live/improve
values?_ * _What are some,rituals, processes or best practices which help you reinforce/live/improve your
* _What are some rituals,,processes or best practices which help you reinforce/live/improve your culture?_
_What are some rituals, processes,or best practices which help you reinforce/live/improve your culture?_ *
are some rituals, processes or,best practices which help you reinforce/live/improve your culture?_ * _What
some rituals, processes or best,practices which help you reinforce/live/improve your culture?_ * _What are
rituals, processes or best practices,which help you reinforce/live/improve your culture?_ * _What are some
processes or best practices which,help you reinforce/live/improve your culture?_ * _What are some challenges/questions
or best practices which help,you reinforce/live/improve your culture?_ * _What are some challenges/questions you
best practices which help you,reinforce/live/improve your culture?_ * _What are some challenges/questions you are
practices which help you reinforce/live/improve,your culture?_ * _What are some challenges/questions you are grappling
which help you reinforce/live/improve your,culture?_ * _What are some challenges/questions you are grappling with
help you reinforce/live/improve your culture?_,* _What are some challenges/questions you are grappling with around
you reinforce/live/improve your culture?_ *,_What are some challenges/questions you are grappling with around building
reinforce/live/improve your culture?_ * _What,are some challenges/questions you are grappling with around building a
your culture?_ * _What are,some challenges/questions you are grappling with around building a better
culture?_ * _What are some,challenges/questions you are grappling with around building a better culture?_
* _What are some challenges/questions,you are grappling with around building a better culture?_ *
_What are some challenges/questions you,are grappling with around building a better culture?_ * _What
are some challenges/questions you are,grappling with around building a better culture?_ * _What do
some challenges/questions you are grappling,with around building a better culture?_ * _What do the
challenges/questions you are grappling with,around building a better culture?_ * _What do the above
you are grappling with around,building a better culture?_ * _What do the above mean
are grappling with around building,a better culture?_ * _What do the above mean for
grappling with around building a,better culture?_ * _What do the above mean for offline,
with around building a better,culture?_ * _What do the above mean for offline, remote
around building a better culture?_,* _What do the above mean for offline, remote or
building a better culture?_ *,_What do the above mean for offline, remote or hybrid
a better culture?_ * _What,do the above mean for offline, remote or hybrid teams?_
better culture?_ * _What do,the above mean for offline, remote or hybrid teams?_ ###
culture?_ * _What do the,above mean for offline, remote or hybrid teams?_ ### **Resources
* _What do the above,mean for offline, remote or hybrid teams?_ ### **Resources for
_What do the above mean,for offline, remote or hybrid teams?_ ### **Resources for Running,
do the above mean for,offline, remote or hybrid teams?_ ### **Resources for Running, Building
the above mean for offline,,remote or hybrid teams?_ ### **Resources for Running, Building Culture
above mean for offline, remote,or hybrid teams?_ ### **Resources for Running, Building Culture and
mean for offline, remote or,hybrid teams?_ ### **Resources for Running, Building Culture and defining
for offline, remote or hybrid,teams?_ ### **Resources for Running, Building Culture and defining values**
offline, remote or hybrid teams?_,### **Resources for Running, Building Culture and defining values** ####
remote or hybrid teams?_ ###,**Resources for Running, Building Culture and defining values** #### Here
or hybrid teams?_ ### **Resources,for Running, Building Culture and defining values** #### Here is
hybrid teams?_ ### **Resources for,Running, Building Culture and defining values** #### Here is a
teams?_ ### **Resources for Running,,Building Culture and defining values** #### Here is a great
### **Resources for Running, Building,Culture and defining values** #### Here is a great session
**Resources for Running, Building Culture,and defining values** #### Here is a great session on
for Running, Building Culture and,defining values** #### Here is a great session on building
Running, Building Culture and defining,values** #### Here is a great session on building culture
Building Culture and defining values**,#### Here is a great session on building culture and
Culture and defining values** ####,Here is a great session on building culture and engagement
and defining values** #### Here,is a great session on building culture and engagement for
defining values** #### Here is,a great session on building culture and engagement for remote
values** #### Here is a,great session on building culture and engagement for remote teams
#### Here is a great,session on building culture and engagement for remote teams by
Here is a great session,on building culture and engagement for remote teams by Nitesh
is a great session on,building culture and engagement for remote teams by Nitesh Agrawal,
a great session on building,culture and engagement for remote teams by Nitesh Agrawal, CO
great session on building culture,and engagement for remote teams by Nitesh Agrawal, CO Founder
session on building culture and,engagement for remote teams by Nitesh Agrawal, CO Founder of
on building culture and engagement,for remote teams by Nitesh Agrawal, CO Founder of Lets
building culture and engagement for,remote teams by Nitesh Agrawal, CO Founder of Lets Dive
culture and engagement for remote,teams by Nitesh Agrawal, CO Founder of Lets Dive from
and engagement for remote teams,by Nitesh Agrawal, CO Founder of Lets Dive from Surge
engagement for remote teams by,Nitesh Agrawal, CO Founder of Lets Dive from Surge 04:
com/NtNvipXQF6Gj3CnU9> * There are many,more questions to use as prompts here for building the
* There are many more,questions to use as prompts here for building the culture
There are many more questions,to use as prompts here for building the culture :
so/surgehead/Culture-Mission-Values-1836486a30244a4b80e34598751bd4ad#5941f98ff47e4d26b250d55a1cafb1f7> * **The defining of,values should be bottom up and should be done with
* **The defining of values,should be bottom up and should be done with everyone
**The defining of values should,be bottom up and should be done with everyone on
defining of values should be,bottom up and should be done with everyone on the
of values should be bottom,up and should be done with everyone on the call
values should be bottom up,and should be done with everyone on the call via
should be bottom up and,should be done with everyone on the call via zoom/townHall
** Meesho had done this,across 200 team members over a series of OffSite session
Meesho had done this across,200 team members over a series of OffSite session -
had done this across 200,team members over a series of OffSite session - the
done this across 200 team,members over a series of OffSite session - the biggest
this across 200 team members,over a series of OffSite session - the biggest agenda
across 200 team members over,a series of OffSite session - the biggest agenda is
200 team members over a,series of OffSite session - the biggest agenda is the
team members over a series,of OffSite session - the biggest agenda is the Values
members over a series of,OffSite session - the biggest agenda is the Values and
over a series of OffSite,session - the biggest agenda is the Values and the
a series of OffSite session,- the biggest agenda is the Values and the Vision
series of OffSite session -,the biggest agenda is the Values and the Vision Piece
of OffSite session - the,biggest agenda is the Values and the Vision Piece *
OffSite session - the biggest,agenda is the Values and the Vision Piece * Some
session - the biggest agenda,is the Values and the Vision Piece * Some more
- the biggest agenda is,the Values and the Vision Piece * Some more prompts,
the biggest agenda is the,Values and the Vision Piece * Some more prompts, will
biggest agenda is the Values,and the Vision Piece * Some more prompts, will add
agenda is the Values and,the Vision Piece * Some more prompts, will add them
is the Values and the,Vision Piece * Some more prompts, will add them to
the Values and the Vision,Piece * Some more prompts, will add them to Notion:
Values and the Vision Piece,* Some more prompts, will add them to Notion: Ask
and the Vision Piece *,Some more prompts, will add them to Notion: Ask yourself
the Vision Piece * Some,more prompts, will add them to Notion: Ask yourself “What
Vision Piece * Some more,prompts, will add them to Notion: Ask yourself “What clues
Piece * Some more prompts,,will add them to Notion: Ask yourself “What clues can
* Some more prompts, will,add them to Notion: Ask yourself “What clues can you
Some more prompts, will add,them to Notion: Ask yourself “What clues can you gather
more prompts, will add them,to Notion: Ask yourself “What clues can you gather by
prompts, will add them to,Notion: Ask yourself “What clues can you gather by looking
will add them to Notion:,Ask yourself “What clues can you gather by looking at
add them to Notion: Ask,yourself “What clues can you gather by looking at your
them to Notion: Ask yourself,“What clues can you gather by looking at your organization
to Notion: Ask yourself “What,clues can you gather by looking at your organization as
Notion: Ask yourself “What clues,can you gather by looking at your organization as an
Ask yourself “What clues can,you gather by looking at your organization as an outsider?”
yourself “What clues can you,gather by looking at your organization as an outsider?” Imagine
“What clues can you gather,by looking at your organization as an outsider?” Imagine you
clues can you gather by,looking at your organization as an outsider?” Imagine you are
can you gather by looking,at your organization as an outsider?” Imagine you are an
you gather by looking at,your organization as an outsider?” Imagine you are an anthropologist
gather by looking at your,organization as an outsider?” Imagine you are an anthropologist encountering
by looking at your organization,as an outsider?” Imagine you are an anthropologist encountering your
looking at your organization as,an outsider?” Imagine you are an anthropologist encountering your organization
at your organization as an,outsider?” Imagine you are an anthropologist encountering your organization in
your organization as an outsider?”,Imagine you are an anthropologist encountering your organization in the
organization as an outsider?” Imagine,you are an anthropologist encountering your organization in the wild
as an outsider?” Imagine you,are an anthropologist encountering your organization in the wild for
an outsider?” Imagine you are,an anthropologist encountering your organization in the wild for the
outsider?” Imagine you are an,anthropologist encountering your organization in the wild for the first
Use the worksheet to document,what seems to be particular to the people in this
Who appear to be their,heroes and legends? What sayings do you hear? What customs
appear to be their heroes,and legends? What sayings do you hear? What customs and
to be their heroes and,legends? What sayings do you hear? What customs and rituals
be their heroes and legends?,What sayings do you hear? What customs and rituals do
their heroes and legends? What,sayings do you hear? What customs and rituals do you
heroes and legends? What sayings,do you hear? What customs and rituals do you observe?
and legends? What sayings do,you hear? What customs and rituals do you observe? What
legends? What sayings do you,hear? What customs and rituals do you observe? What artefacts
What sayings do you hear?,What customs and rituals do you observe? What artefacts do
sayings do you hear? What,customs and rituals do you observe? What artefacts do they
do you hear? What customs,and rituals do you observe? What artefacts do they hold
you hear? What customs and,rituals do you observe? What artefacts do they hold as
hear? What customs and rituals,do you observe? What artefacts do they hold as having
What customs and rituals do,you observe? What artefacts do they hold as having great
customs and rituals do you,observe? What artefacts do they hold as having great importance?
and rituals do you observe?,What artefacts do they hold as having great importance? *
rituals do you observe? What,artefacts do they hold as having great importance? * Questions
do you observe? What artefacts,do they hold as having great importance? * Questions Virtual
you observe? What artefacts do,they hold as having great importance? * Questions Virtual Internships
observe? What artefacts do they,hold as having great importance? * Questions Virtual Internships use
What artefacts do they hold,as having great importance? * Questions Virtual Internships use for
artefacts do they hold as,having great importance? * Questions Virtual Internships use for Culture,
do they hold as having,great importance? * Questions Virtual Internships use for Culture, by
they hold as having great,importance? * Questions Virtual Internships use for Culture, by their
hold as having great importance?,* Questions Virtual Internships use for Culture, by their value:
so/surgehead/Interviewing-for-Culture-Fit-6ad95971973a49f380b6b381af5f990a> ### **Pointers on Culture,by other Founders** * **Anuraag** : Transparent, People are open
### **Pointers on Culture by,other Founders** * **Anuraag** : Transparent, People are open seeking
**Pointers on Culture by other,Founders** * **Anuraag** : Transparent, People are open seeking for
on Culture by other Founders**,* **Anuraag** : Transparent, People are open seeking for help
Culture by other Founders** *,**Anuraag** : Transparent, People are open seeking for help and
by other Founders** * **Anuraag**,: Transparent, People are open seeking for help and also
other Founders** * **Anuraag** :,Transparent, People are open seeking for help and also given
Founders** * **Anuraag** : Transparent,,People are open seeking for help and also given feedback
* **Anuraag** : Transparent, People,are open seeking for help and also given feedback *
**Anuraag** : Transparent, People are,open seeking for help and also given feedback * **Jann**
: Transparent, People are open,seeking for help and also given feedback * **Jann** :
Transparent, People are open seeking,for help and also given feedback * **Jann** : Want
People are open seeking for,help and also given feedback * **Jann** : Want to
are open seeking for help,and also given feedback * **Jann** : Want to learn
open seeking for help and,also given feedback * **Jann** : Want to learn a
seeking for help and also,given feedback * **Jann** : Want to learn a bit
for help and also given,feedback * **Jann** : Want to learn a bit more
help and also given feedback,* **Jann** : Want to learn a bit more about
Different offices have different sort,of culture - bogota office seems to be on the
offices have different sort of,culture - bogota office seems to be on the younger
have different sort of culture,- bogota office seems to be on the younger side
different sort of culture -,bogota office seems to be on the younger side =>
sort of culture - bogota,office seems to be on the younger side => challenges
of culture - bogota office,seems to be on the younger side => challenges around
culture - bogota office seems,to be on the younger side => challenges around Remote
- bogota office seems to,be on the younger side => challenges around Remote *
bogota office seems to be,on the younger side => challenges around Remote * Designed
office seems to be on,the younger side => challenges around Remote * Designed a
seems to be on the,younger side => challenges around Remote * Designed a document
to be on the younger,side => challenges around Remote * Designed a document based
be on the younger side,=> challenges around Remote * Designed a document based on
on the younger side =>,challenges around Remote * Designed a document based on the
the younger side => challenges,around Remote * Designed a document based on the Questions
younger side => challenges around,Remote * Designed a document based on the Questions given
side => challenges around Remote,* Designed a document based on the Questions given to
=> challenges around Remote *,Designed a document based on the Questions given to the
challenges around Remote * Designed,a document based on the Questions given to the team
around Remote * Designed a,document based on the Questions given to the team *
Remote * Designed a document,based on the Questions given to the team * In
* Designed a document based,on the Questions given to the team * In the
Designed a document based on,the Questions given to the team * In the interview,
a document based on the,Questions given to the team * In the interview, it
document based on the Questions,given to the team * In the interview, it becomes
based on the Questions given,to the team * In the interview, it becomes difficult
on the Questions given to,the team * In the interview, it becomes difficult to
the Questions given to the,team * In the interview, it becomes difficult to maintain
Questions given to the team,* In the interview, it becomes difficult to maintain the
given to the team *,In the interview, it becomes difficult to maintain the discipline
to the team * In,the interview, it becomes difficult to maintain the discipline when
the team * In the,interview, it becomes difficult to maintain the discipline when everything
team * In the interview,,it becomes difficult to maintain the discipline when everything goes
* In the interview, it,becomes difficult to maintain the discipline when everything goes good
In the interview, it becomes,difficult to maintain the discipline when everything goes good but
the interview, it becomes difficult,to maintain the discipline when everything goes good but the
interview, it becomes difficult to,maintain the discipline when everything goes good but the last
it becomes difficult to maintain,the discipline when everything goes good but the last thing
becomes difficult to maintain the,discipline when everything goes good but the last thing is
difficult to maintain the discipline,when everything goes good but the last thing is not
to maintain the discipline when,everything goes good but the last thing is not in
That is something we have,not been able to maintain yet * **CELEBRATE** small successes
is something we have not,been able to maintain yet * **CELEBRATE** small successes in
something we have not been,able to maintain yet * **CELEBRATE** small successes in the
we have not been able,to maintain yet * **CELEBRATE** small successes in the team:
have not been able to,maintain yet * **CELEBRATE** small successes in the team: One
not been able to maintain,yet * **CELEBRATE** small successes in the team: One person
been able to maintain yet,* **CELEBRATE** small successes in the team: One person is
able to maintain yet *,**CELEBRATE** small successes in the team: One person is getting
to maintain yet * **CELEBRATE**,small successes in the team: One person is getting a
maintain yet * **CELEBRATE** small,successes in the team: One person is getting a fridge
yet * **CELEBRATE** small successes,in the team: One person is getting a fridge and
* **CELEBRATE** small successes in,the team: One person is getting a fridge and we
**CELEBRATE** small successes in the,team: One person is getting a fridge and we are
small successes in the team:,One person is getting a fridge and we are celebrating
**Concept of Wall of Wins**,* **Fatima** : Every meeting notes from meeting shared in
of Wall of Wins** *,**Fatima** : Every meeting notes from meeting shared in a
Wall of Wins** * **Fatima**,: Every meeting notes from meeting shared in a thread,
of Wins** * **Fatima** :,Every meeting notes from meeting shared in a thread, no
Wins** * **Fatima** : Every,meeting notes from meeting shared in a thread, no matter
* **Fatima** : Every meeting,notes from meeting shared in a thread, no matter who
**Fatima** : Every meeting notes,from meeting shared in a thread, no matter who is
: Every meeting notes from,meeting shared in a thread, no matter who is in
Every meeting notes from meeting,shared in a thread, no matter who is in the
meeting notes from meeting shared,in a thread, no matter who is in the call
notes from meeting shared in,a thread, no matter who is in the call (Accountability
from meeting shared in a,thread, no matter who is in the call (Accountability is
meeting shared in a thread,,no matter who is in the call (Accountability is top-down);
shared in a thread, no,matter who is in the call (Accountability is top-down); We
in a thread, no matter,who is in the call (Accountability is top-down); We have
a thread, no matter who,is in the call (Accountability is top-down); We have also
thread, no matter who is,in the call (Accountability is top-down); We have also created
no matter who is in,the call (Accountability is top-down); We have also created a
matter who is in the,call (Accountability is top-down); We have also created a bot
who is in the call,(Accountability is top-down); We have also created a bot that
is in the call (Accountability,is top-down); We have also created a bot that shares
in the call (Accountability is,top-down); We have also created a bot that shares what
the call (Accountability is top-down);,We have also created a bot that shares what progress
call (Accountability is top-down); We,have also created a bot that shares what progress is
(Accountability is top-down); We have,also created a bot that shares what progress is there
is top-down); We have also,created a bot that shares what progress is there for
top-down); We have also created,a bot that shares what progress is there for the
We have also created a,bot that shares what progress is there for the platform
have also created a bot,that shares what progress is there for the platform for
also created a bot that,shares what progress is there for the platform for Discord
created a bot that shares,what progress is there for the platform for Discord ==>
a bot that shares what,progress is there for the platform for Discord ==> **High
bot that shares what progress,is there for the platform for Discord ==> **High Impact
that shares what progress is,there for the platform for Discord ==> **High Impact is
shares what progress is there,for the platform for Discord ==> **High Impact is Meeting
what progress is there for,the platform for Discord ==> **High Impact is Meeting minutes
progress is there for the,platform for Discord ==> **High Impact is Meeting minutes channel**
is there for the platform,for Discord ==> **High Impact is Meeting minutes channel** *
there for the platform for,Discord ==> **High Impact is Meeting minutes channel** * Did
for the platform for Discord,==> **High Impact is Meeting minutes channel** * Did a
the platform for Discord ==>,**High Impact is Meeting minutes channel** * Did a 5
platform for Discord ==> **High,Impact is Meeting minutes channel** * Did a 5 hours
for Discord ==> **High Impact,is Meeting minutes channel** * Did a 5 hours exercise
Discord ==> **High Impact is,Meeting minutes channel** * Did a 5 hours exercise on
==> **High Impact is Meeting,minutes channel** * Did a 5 hours exercise on Values
**High Impact is Meeting minutes,channel** * Did a 5 hours exercise on Values with
Impact is Meeting minutes channel**,* Did a 5 hours exercise on Values with the
is Meeting minutes channel** *,Did a 5 hours exercise on Values with the Core
Meeting minutes channel** * Did,a 5 hours exercise on Values with the Core team
minutes channel** * Did a,5 hours exercise on Values with the Core team and
channel** * Did a 5,hours exercise on Values with the Core team and other
* Did a 5 hours,exercise on Values with the Core team and other key
Did a 5 hours exercise,on Values with the Core team and other key members
a 5 hours exercise on,Values with the Core team and other key members *
5 hours exercise on Values,with the Core team and other key members * After
hours exercise on Values with,the Core team and other key members * After that
exercise on Values with the,Core team and other key members * After that exercise,
on Values with the Core,team and other key members * After that exercise, we
Values with the Core team,and other key members * After that exercise, we have
with the Core team and,other key members * After that exercise, we have a
the Core team and other,key members * After that exercise, we have a better
Core team and other key,members * After that exercise, we have a better understanding
team and other key members,* After that exercise, we have a better understanding of
and other key members *,After that exercise, we have a better understanding of our
other key members * After,that exercise, we have a better understanding of our teammates
key members * After that,exercise, we have a better understanding of our teammates =>
members * After that exercise,,we have a better understanding of our teammates => What
* After that exercise, we,have a better understanding of our teammates => What are
After that exercise, we have,a better understanding of our teammates => What are the
that exercise, we have a,better understanding of our teammates => What are the core
exercise, we have a better,understanding of our teammates => What are the core values
we have a better understanding,of our teammates => What are the core values we
have a better understanding of,our teammates => What are the core values we stand
a better understanding of our,teammates => What are the core values we stand up
Where could we compromise, where,we cannot? ==>They have made it publicly available on their
could we compromise, where we,cannot? ==>They have made it publicly available on their Website
we compromise, where we cannot?,==>They have made it publicly available on their Website in
compromise, where we cannot? ==>They,have made it publicly available on their Website in their
where we cannot? ==>They have,made it publicly available on their Website in their careers
we cannot? ==>They have made,it publicly available on their Website in their careers page
cannot? ==>They have made it,publicly available on their Website in their careers page *
==>They have made it publicly,available on their Website in their careers page * Interesting
have made it publicly available,on their Website in their careers page * Interesting stories
made it publicly available on,their Website in their careers page * Interesting stories came
it publicly available on their,Website in their careers page * Interesting stories came in:
publicly available on their Website,in their careers page * Interesting stories came in: Eg
available on their Website in,their careers page * Interesting stories came in: Eg -
on their Website in their,careers page * Interesting stories came in: Eg - **the
their Website in their careers,page * Interesting stories came in: Eg - **the pivot
Website in their careers page,* Interesting stories came in: Eg - **the pivot that
in their careers page *,Interesting stories came in: Eg - **the pivot that happened
their careers page * Interesting,stories came in: Eg - **the pivot that happened in
careers page * Interesting stories,came in: Eg - **the pivot that happened in 1
The last question on stories,from organisation * Everyone’s calendar is open with other team
last question on stories from,organisation * Everyone’s calendar is open with other team members
png?version=1&modificationDate=1661403583970&cacheVersion=1&api=v2&width=680&height=310) * **Suvrat** : 6,person engineering team and check-in takes 1 hour daily, which
* **Suvrat** : 6 person,engineering team and check-in takes 1 hour daily, which is
**Suvrat** : 6 person engineering,team and check-in takes 1 hour daily, which is a
: 6 person engineering team,and check-in takes 1 hour daily, which is a challenge
6 person engineering team and,check-in takes 1 hour daily, which is a challenge *
person engineering team and check-in,takes 1 hour daily, which is a challenge * Doing
engineering team and check-in takes,1 hour daily, which is a challenge * Doing a
team and check-in takes 1,hour daily, which is a challenge * Doing a detailed
and check-in takes 1 hour,daily, which is a challenge * Doing a detailed culture
check-in takes 1 hour daily,,which is a challenge * Doing a detailed culture exercise
takes 1 hour daily, which,is a challenge * Doing a detailed culture exercise tomorrow
1 hour daily, which is,a challenge * Doing a detailed culture exercise tomorrow with
hour daily, which is a,challenge * Doing a detailed culture exercise tomorrow with the
daily, which is a challenge,* Doing a detailed culture exercise tomorrow with the broad
which is a challenge *,Doing a detailed culture exercise tomorrow with the broad team
is a challenge * Doing,a detailed culture exercise tomorrow with the broad team *
a challenge * Doing a,detailed culture exercise tomorrow with the broad team * **Marc**
challenge * Doing a detailed,culture exercise tomorrow with the broad team * **Marc** (
* Doing a detailed culture,exercise tomorrow with the broad team * **Marc** ( **UnRavel
Doing a detailed culture exercise,tomorrow with the broad team * **Marc** ( **UnRavel Carbon**
a detailed culture exercise tomorrow,with the broad team * **Marc** ( **UnRavel Carbon** )
detailed culture exercise tomorrow with,the broad team * **Marc** ( **UnRavel Carbon** ) *
culture exercise tomorrow with the,broad team * **Marc** ( **UnRavel Carbon** ) * We
exercise tomorrow with the broad,team * **Marc** ( **UnRavel Carbon** ) * We started
tomorrow with the broad team,* **Marc** ( **UnRavel Carbon** ) * We started with
with the broad team *,**Marc** ( **UnRavel Carbon** ) * We started with Daily
the broad team * **Marc**,( **UnRavel Carbon** ) * We started with Daily Stand-ups
broad team * **Marc** (,**UnRavel Carbon** ) * We started with Daily Stand-ups and
team * **Marc** ( **UnRavel,Carbon** ) * We started with Daily Stand-ups and have
* **Marc** ( **UnRavel Carbon**,) * We started with Daily Stand-ups and have been
**Marc** ( **UnRavel Carbon** ),* We started with Daily Stand-ups and have been through
( **UnRavel Carbon** ) *,We started with Daily Stand-ups and have been through several
**UnRavel Carbon** ) * We,started with Daily Stand-ups and have been through several iterations
Carbon** ) * We started,with Daily Stand-ups and have been through several iterations =>
) * We started with,Daily Stand-ups and have been through several iterations => Went
* We started with Daily,Stand-ups and have been through several iterations => Went from
We started with Daily Stand-ups,and have been through several iterations => Went from daily
started with Daily Stand-ups and,have been through several iterations => Went from daily to
with Daily Stand-ups and have,been through several iterations => Went from daily to three
Daily Stand-ups and have been,through several iterations => Went from daily to three times
Stand-ups and have been through,several iterations => Went from daily to three times a
and have been through several,iterations => Went from daily to three times a week
have been through several iterations,=> Went from daily to three times a week to
been through several iterations =>,Went from daily to three times a week to now
through several iterations => Went,from daily to three times a week to now once
several iterations => Went from,daily to three times a week to now once a
iterations => Went from daily,to three times a week to now once a week
=> Went from daily to,three times a week to now once a week -
Went from daily to three,times a week to now once a week - This
from daily to three times,a week to now once a week - This is
daily to three times a,week to now once a week - This is more
to three times a week,to now once a week - This is more information
three times a week to,now once a week - This is more information sharing
times a week to now,once a week - This is more information sharing rather
a week to now once,a week - This is more information sharing rather than
I feel a bit bad,for the team as this keeps on changing for the
feel a bit bad for,the team as this keeps on changing for the team
a bit bad for the,team as this keeps on changing for the team each
* For the team in,Vietnam, it could feel quite remote * One thing conscious
For the team in Vietnam,,it could feel quite remote * One thing conscious of:
the team in Vietnam, it,could feel quite remote * One thing conscious of: As
team in Vietnam, it could,feel quite remote * One thing conscious of: As we
in Vietnam, it could feel,quite remote * One thing conscious of: As we grow,
Vietnam, it could feel quite,remote * One thing conscious of: As we grow, how
it could feel quite remote,* One thing conscious of: As we grow, how do
could feel quite remote *,One thing conscious of: As we grow, how do we
feel quite remote * One,thing conscious of: As we grow, how do we maintain
quite remote * One thing,conscious of: As we grow, how do we maintain the
remote * One thing conscious,of: As we grow, how do we maintain the culture
* One thing conscious of:,As we grow, how do we maintain the culture *
One thing conscious of: As,we grow, how do we maintain the culture * Have
thing conscious of: As we,grow, how do we maintain the culture * Have put
conscious of: As we grow,,how do we maintain the culture * Have put it
of: As we grow, how,do we maintain the culture * Have put it in
As we grow, how do,we maintain the culture * Have put it in the
we grow, how do we,maintain the culture * Have put it in the agenda
grow, how do we maintain,the culture * Have put it in the agenda for
how do we maintain the,culture * Have put it in the agenda for upcoming
do we maintain the culture,* Have put it in the agenda for upcoming Off-site
we maintain the culture *,Have put it in the agenda for upcoming Off-site *
maintain the culture * Have,put it in the agenda for upcoming Off-site * **Viren**
the culture * Have put,it in the agenda for upcoming Off-site * **Viren** :
culture * Have put it,in the agenda for upcoming Off-site * **Viren** : During
* Have put it in,the agenda for upcoming Off-site * **Viren** : During the
Have put it in the,agenda for upcoming Off-site * **Viren** : During the hiring
put it in the agenda,for upcoming Off-site * **Viren** : During the hiring process,
it in the agenda for,upcoming Off-site * **Viren** : During the hiring process, do
in the agenda for upcoming,Off-site * **Viren** : During the hiring process, do we
the agenda for upcoming Off-site,* **Viren** : During the hiring process, do we specifically
agenda for upcoming Off-site *,**Viren** : During the hiring process, do we specifically screen
for upcoming Off-site * **Viren**,: During the hiring process, do we specifically screen for
upcoming Off-site * **Viren** :,During the hiring process, do we specifically screen for people
Off-site * **Viren** : During,the hiring process, do we specifically screen for people who
* **Viren** : During the,hiring process, do we specifically screen for people who have
**Viren** : During the hiring,process, do we specifically screen for people who have the
: During the hiring process,,do we specifically screen for people who have the similar
During the hiring process, do,we specifically screen for people who have the similar values?
the hiring process, do we,specifically screen for people who have the similar values? *
hiring process, do we specifically,screen for people who have the similar values? * We
process, do we specifically screen,for people who have the similar values? * We didn’t
do we specifically screen for,people who have the similar values? * We didn’t define
we specifically screen for people,who have the similar values? * We didn’t define it
specifically screen for people who,have the similar values? * We didn’t define it well
screen for people who have,the similar values? * We didn’t define it well yet,
for people who have the,similar values? * We didn’t define it well yet, so
people who have the similar,values? * We didn’t define it well yet, so we
who have the similar values?,* We didn’t define it well yet, so we haven’t
have the similar values? *,We didn’t define it well yet, so we haven’t necessarily
the similar values? * We,didn’t define it well yet, so we haven’t necessarily done
similar values? * We didn’t,define it well yet, so we haven’t necessarily done it
values? * We didn’t define,it well yet, so we haven’t necessarily done it best
* We didn’t define it,well yet, so we haven’t necessarily done it best ________________________________________________________________________________________________
We didn’t define it well,yet, so we haven’t necessarily done it best ________________________________________________________________________________________________ ##
didn’t define it well yet,,so we haven’t necessarily done it best ________________________________________________________________________________________________ ## Finding
define it well yet, so,we haven’t necessarily done it best ________________________________________________________________________________________________ ## Finding PMF
it well yet, so we,haven’t necessarily done it best ________________________________________________________________________________________________ ## Finding PMF -
well yet, so we haven’t,necessarily done it best ________________________________________________________________________________________________ ## Finding PMF - Prachi
yet, so we haven’t necessarily,done it best ________________________________________________________________________________________________ ## Finding PMF - Prachi Pawar
so we haven’t necessarily done,it best ________________________________________________________________________________________________ ## Finding PMF - Prachi Pawar and
we haven’t necessarily done it,best ________________________________________________________________________________________________ ## Finding PMF - Prachi Pawar and Anandmoyroy
haven’t necessarily done it best,________________________________________________________________________________________________ ## Finding PMF - Prachi Pawar and Anandmoyroy Choudhary
necessarily done it best ________________________________________________________________________________________________,## Finding PMF - Prachi Pawar and Anandmoyroy Choudhary ###
done it best ________________________________________________________________________________________________ ##,Finding PMF - Prachi Pawar and Anandmoyroy Choudhary ### **What
it best ________________________________________________________________________________________________ ## Finding,PMF - Prachi Pawar and Anandmoyroy Choudhary ### **What does
best ________________________________________________________________________________________________ ## Finding PMF,- Prachi Pawar and Anandmoyroy Choudhary ### **What does PMF
________________________________________________________________________________________________ ## Finding PMF -,Prachi Pawar and Anandmoyroy Choudhary ### **What does PMF mean
## Finding PMF - Prachi,Pawar and Anandmoyroy Choudhary ### **What does PMF mean for
Finding PMF - Prachi Pawar,and Anandmoyroy Choudhary ### **What does PMF mean for different
PMF - Prachi Pawar and,Anandmoyroy Choudhary ### **What does PMF mean for different businesses?**
- Prachi Pawar and Anandmoyroy,Choudhary ### **What does PMF mean for different businesses?** *
Prachi Pawar and Anandmoyroy Choudhary,### **What does PMF mean for different businesses?** * **Suvrat**
Pawar and Anandmoyroy Choudhary ###,**What does PMF mean for different businesses?** * **Suvrat** :
and Anandmoyroy Choudhary ### **What,does PMF mean for different businesses?** * **Suvrat** : Someone
Anandmoyroy Choudhary ### **What does,PMF mean for different businesses?** * **Suvrat** : Someone who
Choudhary ### **What does PMF,mean for different businesses?** * **Suvrat** : Someone who has
### **What does PMF mean,for different businesses?** * **Suvrat** : Someone who has run
**What does PMF mean for,different businesses?** * **Suvrat** : Someone who has run a
does PMF mean for different,businesses?** * **Suvrat** : Someone who has run a POC
PMF mean for different businesses?**,* **Suvrat** : Someone who has run a POC and
mean for different businesses?** *,**Suvrat** : Someone who has run a POC and have
for different businesses?** * **Suvrat**,: Someone who has run a POC and have tried
different businesses?** * **Suvrat** :,Someone who has run a POC and have tried is
businesses?** * **Suvrat** : Someone,who has run a POC and have tried is once
* **Suvrat** : Someone who,has run a POC and have tried is once is
**Suvrat** : Someone who has,run a POC and have tried is once is willing
: Someone who has run,a POC and have tried is once is willing to
Someone who has run a,POC and have tried is once is willing to try
who has run a POC,and have tried is once is willing to try it
has run a POC and,have tried is once is willing to try it for
run a POC and have,tried is once is willing to try it for a
a POC and have tried,is once is willing to try it for a longer
POC and have tried is,once is willing to try it for a longer term
and have tried is once,is willing to try it for a longer term period
have tried is once is,willing to try it for a longer term period *
tried is once is willing,to try it for a longer term period * **Rishabhjit**
is once is willing to,try it for a longer term period * **Rishabhjit** :
once is willing to try,it for a longer term period * **Rishabhjit** : In
is willing to try it,for a longer term period * **Rishabhjit** : In attentive
willing to try it for,a longer term period * **Rishabhjit** : In attentive -
to try it for a,longer term period * **Rishabhjit** : In attentive - Segment
try it for a longer,term period * **Rishabhjit** : In attentive - Segment that
it for a longer term,period * **Rishabhjit** : In attentive - Segment that is
for a longer term period,* **Rishabhjit** : In attentive - Segment that is better
* **Neehar from PraTech** :,B2C product - very different compared to other companies (What
**Neehar from PraTech** : B2C,product - very different compared to other companies (What was
from PraTech** : B2C product,- very different compared to other companies (What was PMF
PraTech** : B2C product -,very different compared to other companies (What was PMF was
: B2C product - very,different compared to other companies (What was PMF was tissora?)
B2C product - very different,compared to other companies (What was PMF was tissora?) *
product - very different compared,to other companies (What was PMF was tissora?) * Customer
- very different compared to,other companies (What was PMF was tissora?) * Customer Love
very different compared to other,companies (What was PMF was tissora?) * Customer Love and
different compared to other companies,(What was PMF was tissora?) * Customer Love and Customer
How well you solve the,problem for a customer, at a lower cost and at
well you solve the problem,for a customer, at a lower cost and at a
you solve the problem for,a customer, at a lower cost and at a larger
solve the problem for a,customer, at a lower cost and at a larger scale?
png?version=1&modificationDate=1661407159173&cacheVersion=1&api=v2&width=680&height=381) * **ROY** : PMF,should be measured for a **Hair on Fire** Persona *
* **ROY** : PMF should,be measured for a **Hair on Fire** Persona * **Eg**
**ROY** : PMF should be,measured for a **Hair on Fire** Persona * **Eg** \-
: PMF should be measured,for a **Hair on Fire** Persona * **Eg** \- Suvrat's
PMF should be measured for,a **Hair on Fire** Persona * **Eg** \- Suvrat's phone
should be measured for a,**Hair on Fire** Persona * **Eg** \- Suvrat's phone does
be measured for a **Hair,on Fire** Persona * **Eg** \- Suvrat's phone does not
measured for a **Hair on,Fire** Persona * **Eg** \- Suvrat's phone does not stop
Every CMO in India wants,to meet him * Even if you hand out a
CMO in India wants to,meet him * Even if you hand out a brick
in India wants to meet,him * Even if you hand out a brick who
India wants to meet him,* Even if you hand out a brick who could
wants to meet him *,Even if you hand out a brick who could reduce
to meet him * Even,if you hand out a brick who could reduce the
meet him * Even if,you hand out a brick who could reduce the fire
him * Even if you,hand out a brick who could reduce the fire by
* Even if you hand,out a brick who could reduce the fire by brief,
Even if you hand out,a brick who could reduce the fire by brief, it
if you hand out a,brick who could reduce the fire by brief, it would
you hand out a brick,who could reduce the fire by brief, it would be
hand out a brick who,could reduce the fire by brief, it would be great
out a brick who could,reduce the fire by brief, it would be great *
a brick who could reduce,the fire by brief, it would be great * If
brick who could reduce the,fire by brief, it would be great * If you
who could reduce the fire,by brief, it would be great * If you are
could reduce the fire by,brief, it would be great * If you are able
reduce the fire by brief,,it would be great * If you are able to
the fire by brief, it,would be great * If you are able to build
fire by brief, it would,be great * If you are able to build a
by brief, it would be,great * If you are able to build a loop
brief, it would be great,* If you are able to build a loop where
it would be great *,If you are able to build a loop where there
would be great * If,you are able to build a loop where there is
be great * If you,are able to build a loop where there is well
great * If you are,able to build a loop where there is well defined
* If you are able,to build a loop where there is well defined ROI
If you are able to,build a loop where there is well defined ROI that
you are able to build,a loop where there is well defined ROI that is
are able to build a,loop where there is well defined ROI that is there
able to build a loop,where there is well defined ROI that is there and
to build a loop where,there is well defined ROI that is there and take
build a loop where there,is well defined ROI that is there and take a
a loop where there is,well defined ROI that is there and take a percentage
loop where there is well,defined ROI that is there and take a percentage of
where there is well defined,ROI that is there and take a percentage of fees
there is well defined ROI,that is there and take a percentage of fees =>
is well defined ROI that,is there and take a percentage of fees => that
well defined ROI that is,there and take a percentage of fees => that is
defined ROI that is there,and take a percentage of fees => that is the
ROI that is there and,take a percentage of fees => that is the point
that is there and take,a percentage of fees => that is the point when
is there and take a,percentage of fees => that is the point when you
there and take a percentage,of fees => that is the point when you have
and take a percentage of,fees => that is the point when you have PMF
take a percentage of fees,=> that is the point when you have PMF *
a percentage of fees =>,that is the point when you have PMF * Who
percentage of fees => that,is the point when you have PMF * Who signs
of fees => that is,the point when you have PMF * Who signs the
fees => that is the,point when you have PMF * Who signs the cheque
=> that is the point,when you have PMF * Who signs the cheque till
that is the point when,you have PMF * Who signs the cheque till the
is the point when you,have PMF * Who signs the cheque till the money
the point when you have,PMF * Who signs the cheque till the money comes
point when you have PMF,* Who signs the cheque till the money comes into
when you have PMF *,Who signs the cheque till the money comes into your
you have PMF * Who,signs the cheque till the money comes into your account
have PMF * Who signs,the cheque till the money comes into your account -
PMF * Who signs the,cheque till the money comes into your account - until
* Who signs the cheque,till the money comes into your account - until that
Who signs the cheque till,the money comes into your account - until that is
signs the cheque till the,money comes into your account - until that is figured
the cheque till the money,comes into your account - until that is figured out
cheque till the money comes,into your account - until that is figured out in
till the money comes into,your account - until that is figured out in the
the money comes into your,account - until that is figured out in the enterprise
money comes into your account,- until that is figured out in the enterprise company,
comes into your account -,until that is figured out in the enterprise company, it
into your account - until,that is figured out in the enterprise company, it is
your account - until that,is figured out in the enterprise company, it is not
account - until that is,figured out in the enterprise company, it is not going
- until that is figured,out in the enterprise company, it is not going to
until that is figured out,in the enterprise company, it is not going to work
that is figured out in,the enterprise company, it is not going to work *
is figured out in the,enterprise company, it is not going to work * **LTV
figured out in the enterprise,company, it is not going to work * **LTV to
out in the enterprise company,,it is not going to work * **LTV to CAC**
in the enterprise company, it,is not going to work * **LTV to CAC** :
the enterprise company, it is,not going to work * **LTV to CAC** : Huge
enterprise company, it is not,going to work * **LTV to CAC** : Huge customer
company, it is not going,to work * **LTV to CAC** : Huge customer love
it is not going to,work * **LTV to CAC** : Huge customer love but
is not going to work,* **LTV to CAC** : Huge customer love but the
not going to work *,**LTV to CAC** : Huge customer love but the LTV
going to work * **LTV,to CAC** : Huge customer love but the LTV to
to work * **LTV to,CAC** : Huge customer love but the LTV to CAC
work * **LTV to CAC**,: Huge customer love but the LTV to CAC was
Basically if you lose money,on every order, most customers will love your product, but
if you lose money on,every order, most customers will love your product, but you
you lose money on every,order, most customers will love your product, but you don't
lose money on every order,,most customers will love your product, but you don't have
This is why unit economics,matter a lot in a transaction business * **If I
is why unit economics matter,a lot in a transaction business * **If I make
why unit economics matter a,lot in a transaction business * **If I make short
unit economics matter a lot,in a transaction business * **If I make short term
economics matter a lot in,a transaction business * **If I make short term choices
matter a lot in a,transaction business * **If I make short term choices now,
a lot in a transaction,business * **If I make short term choices now, will
lot in a transaction business,* **If I make short term choices now, will it
in a transaction business *,**If I make short term choices now, will it hurt
a transaction business * **If,I make short term choices now, will it hurt my
transaction business * **If I,make short term choices now, will it hurt my longer
business * **If I make,short term choices now, will it hurt my longer term
* **If I make short,term choices now, will it hurt my longer term ability?**
**If I make short term,choices now, will it hurt my longer term ability?** *
I make short term choices,now, will it hurt my longer term ability?** * You
make short term choices now,,will it hurt my longer term ability?** * You don’t
short term choices now, will,it hurt my longer term ability?** * You don’t win
term choices now, will it,hurt my longer term ability?** * You don’t win that
choices now, will it hurt,my longer term ability?** * You don’t win that ability
now, will it hurt my,longer term ability?** * You don’t win that ability to
will it hurt my longer,term ability?** * You don’t win that ability to scale
it hurt my longer term,ability?** * You don’t win that ability to scale unless
hurt my longer term ability?**,* You don’t win that ability to scale unless you
my longer term ability?** *,You don’t win that ability to scale unless you win
longer term ability?** * You,don’t win that ability to scale unless you win the
term ability?** * You don’t,win that ability to scale unless you win the point
ability?** * You don’t win,that ability to scale unless you win the point right
* Reality of life is,if you understand your persona well that they can adopt
Reality of life is if,you understand your persona well that they can adopt and
of life is if you,understand your persona well that they can adopt and create
life is if you understand,your persona well that they can adopt and create value
is if you understand your,persona well that they can adopt and create value for
if you understand your persona,well that they can adopt and create value for them
you understand your persona well,that they can adopt and create value for them =>
understand your persona well that,they can adopt and create value for them => that
your persona well that they,can adopt and create value for them => that allows
persona well that they can,adopt and create value for them => that allows them
well that they can adopt,and create value for them => that allows them to
that they can adopt and,create value for them => that allows them to expand
they can adopt and create,value for them => that allows them to expand and
can adopt and create value,for them => that allows them to expand and do
adopt and create value for,them => that allows them to expand and do more
and create value for them,=> that allows them to expand and do more *
create value for them =>,that allows them to expand and do more * **MVP**
value for them => that,allows them to expand and do more * **MVP** :
for them => that allows,them to expand and do more * **MVP** : Another
them => that allows them,to expand and do more * **MVP** : Another problem
=> that allows them to,expand and do more * **MVP** : Another problem is
that allows them to expand,and do more * **MVP** : Another problem is sometimes
allows them to expand and,do more * **MVP** : Another problem is sometimes people
them to expand and do,more * **MVP** : Another problem is sometimes people don’t
to expand and do more,* **MVP** : Another problem is sometimes people don’t complete
expand and do more *,**MVP** : Another problem is sometimes people don’t complete the
* **Create a very niche,definition** and don’t fear that you are locking yourself out
**Create a very niche definition**,and don’t fear that you are locking yourself out of
a very niche definition** and,don’t fear that you are locking yourself out of 20
very niche definition** and don’t,fear that you are locking yourself out of 20 other
The reality is until you,win in an early space, you will anyways not be
reality is until you win,in an early space, you will anyways not be able
is until you win in,an early space, you will anyways not be able to
until you win in an,early space, you will anyways not be able to scale
you win in an early,space, you will anyways not be able to scale *
win in an early space,,you will anyways not be able to scale * **ICP
in an early space, you,will anyways not be able to scale * **ICP Personas
an early space, you will,anyways not be able to scale * **ICP Personas for
early space, you will anyways,not be able to scale * **ICP Personas for different
space, you will anyways not,be able to scale * **ICP Personas for different Companies**
you will anyways not be,able to scale * **ICP Personas for different Companies** *
com/spreadsheets/d/1KZv8RLHvmu-84020hILeKiTOgd6V2EyCyDg6rupZ-yM/edit#gid=0> * Enterprise companies make,a mistake of not closing the loop in terms of
* Enterprise companies make a,mistake of not closing the loop in terms of value/ROI
Enterprise companies make a mistake,of not closing the loop in terms of value/ROI *
companies make a mistake of,not closing the loop in terms of value/ROI * **Axes
make a mistake of not,closing the loop in terms of value/ROI * **Axes of
a mistake of not closing,the loop in terms of value/ROI * **Axes of Measuring
mistake of not closing the,loop in terms of value/ROI * **Axes of Measuring PMF**
of not closing the loop,in terms of value/ROI * **Axes of Measuring PMF** *
not closing the loop in,terms of value/ROI * **Axes of Measuring PMF** * Customer
closing the loop in terms,of value/ROI * **Axes of Measuring PMF** * Customer Love
the loop in terms of,value/ROI * **Axes of Measuring PMF** * Customer Love *
loop in terms of value/ROI,* **Axes of Measuring PMF** * Customer Love * Metrics
in terms of value/ROI *,**Axes of Measuring PMF** * Customer Love * Metrics :
terms of value/ROI * **Axes,of Measuring PMF** * Customer Love * Metrics : Dollar
of value/ROI * **Axes of,Measuring PMF** * Customer Love * Metrics : Dollar and
value/ROI * **Axes of Measuring,PMF** * Customer Love * Metrics : Dollar and marketing
* **Axes of Measuring PMF**,* Customer Love * Metrics : Dollar and marketing metrics
**Axes of Measuring PMF** *,Customer Love * Metrics : Dollar and marketing metrics *
of Measuring PMF** * Customer,Love * Metrics : Dollar and marketing metrics * Scale
Measuring PMF** * Customer Love,* Metrics : Dollar and marketing metrics * Scale *
PMF** * Customer Love *,Metrics : Dollar and marketing metrics * Scale * Getting
* Customer Love * Metrics,: Dollar and marketing metrics * Scale * Getting access
Customer Love * Metrics :,Dollar and marketing metrics * Scale * Getting access to
Love * Metrics : Dollar,and marketing metrics * Scale * Getting access to Lenny’s
* Metrics : Dollar and,marketing metrics * Scale * Getting access to Lenny’s NewsLetter
Metrics : Dollar and marketing,metrics * Scale * Getting access to Lenny’s NewsLetter →
: Dollar and marketing metrics,* Scale * Getting access to Lenny’s NewsLetter → Discount
Dollar and marketing metrics *,Scale * Getting access to Lenny’s NewsLetter → Discount code
and marketing metrics * Scale,* Getting access to Lenny’s NewsLetter → Discount code for
marketing metrics * Scale *,Getting access to Lenny’s NewsLetter → Discount code for Lenny's
metrics * Scale * Getting,access to Lenny’s NewsLetter → Discount code for Lenny's newsletter:
com/Rvbia885k9ujBqkw8> * If you have,to fund the purchase or usage of the Product, you
* If you have to,fund the purchase or usage of the Product, you don’t
If you have to fund,the purchase or usage of the Product, you don’t have
you have to fund the,purchase or usage of the Product, you don’t have PMF
have to fund the purchase,or usage of the Product, you don’t have PMF *
to fund the purchase or,usage of the Product, you don’t have PMF * **Notes**
fund the purchase or usage,of the Product, you don’t have PMF * **Notes** :
the purchase or usage of,the Product, you don’t have PMF * **Notes** : The
purchase or usage of the,Product, you don’t have PMF * **Notes** : The input
or usage of the Product,,you don’t have PMF * **Notes** : The input to
usage of the Product, you,don’t have PMF * **Notes** : The input to LTV
of the Product, you don’t,have PMF * **Notes** : The input to LTV is
the Product, you don’t have,PMF * **Notes** : The input to LTV is retention
Product, you don’t have PMF,* **Notes** : The input to LTV is retention rate
you don’t have PMF *,**Notes** : The input to LTV is retention rate %
don’t have PMF * **Notes**,: The input to LTV is retention rate % -
have PMF * **Notes** :,The input to LTV is retention rate % - so
PMF * **Notes** : The,input to LTV is retention rate % - so you
* **Notes** : The input,to LTV is retention rate % - so you would
**Notes** : The input to,LTV is retention rate % - so you would want
: The input to LTV,is retention rate % - so you would want to
The input to LTV is,retention rate % - so you would want to estimate
input to LTV is retention,rate % - so you would want to estimate if
to LTV is retention rate,% - so you would want to estimate if x%
LTV is retention rate %,- so you would want to estimate if x% is
is retention rate % -,so you would want to estimate if x% is coming
retention rate % - so,you would want to estimate if x% is coming back
rate % - so you,would want to estimate if x% is coming back with
% - so you would,want to estimate if x% is coming back with y
- so you would want,to estimate if x% is coming back with y AOV
so you would want to,estimate if x% is coming back with y AOV -
you would want to estimate,if x% is coming back with y AOV - this
would want to estimate if,x% is coming back with y AOV - this could
want to estimate if x%,is coming back with y AOV - this could be
to estimate if x% is,coming back with y AOV - this could be the
But you also should have,an idea of what frequency of usage is for your
you also should have an,idea of what frequency of usage is for your product
com/spreadsheets/d/1KZv8RLHvmu-84020hILeKiTOgd6V2EyCyDg6rupZ-yM/edit#gid=776536940> * **Airalo and Scaler**,: Very iterative PMF journeys * Try to be default
* **Airalo and Scaler** :,Very iterative PMF journeys * Try to be default alive
**Airalo and Scaler** : Very,iterative PMF journeys * Try to be default alive if
and Scaler** : Very iterative,PMF journeys * Try to be default alive if nothing
Scaler** : Very iterative PMF,journeys * Try to be default alive if nothing is
: Very iterative PMF journeys,* Try to be default alive if nothing is working
Very iterative PMF journeys *,Try to be default alive if nothing is working atleast
iterative PMF journeys * Try,to be default alive if nothing is working atleast ________________________________________________________________________________________________
PMF journeys * Try to,be default alive if nothing is working atleast ________________________________________________________________________________________________ ##
journeys * Try to be,default alive if nothing is working atleast ________________________________________________________________________________________________ ## AMA:
* Try to be default,alive if nothing is working atleast ________________________________________________________________________________________________ ## AMA: Gaurav
Try to be default alive,if nothing is working atleast ________________________________________________________________________________________________ ## AMA: Gaurav Sharma
to be default alive if,nothing is working atleast ________________________________________________________________________________________________ ## AMA: Gaurav Sharma [[
co/&sa=D&source=calendar&ust=1661848318124398&usg=AOvVaw3l4lq-u511vTbCI029Z94r)] in conversation with Tejeshwi,Sharma: Talking about journey to PMF * **Saas Labs** \-
in conversation with Tejeshwi Sharma:,Talking about journey to PMF * **Saas Labs** \- Hubspot
conversation with Tejeshwi Sharma: Talking,about journey to PMF * **Saas Labs** \- Hubspot for
with Tejeshwi Sharma: Talking about,journey to PMF * **Saas Labs** \- Hubspot for Sales
Tejeshwi Sharma: Talking about journey,to PMF * **Saas Labs** \- Hubspot for Sales and
Sharma: Talking about journey to,PMF * **Saas Labs** \- Hubspot for Sales and Customer
Talking about journey to PMF,* **Saas Labs** \- Hubspot for Sales and Customer Support
about journey to PMF *,**Saas Labs** \- Hubspot for Sales and Customer Support team
journey to PMF * **Saas,Labs** \- Hubspot for Sales and Customer Support team *
to PMF * **Saas Labs**,\- Hubspot for Sales and Customer Support team * BootStrapped;
PMF * **Saas Labs** \-,Hubspot for Sales and Customer Support team * BootStrapped; Only
* **Saas Labs** \- Hubspot,for Sales and Customer Support team * BootStrapped; Only 2
**Saas Labs** \- Hubspot for,Sales and Customer Support team * BootStrapped; Only 2 institutional
Labs** \- Hubspot for Sales,and Customer Support team * BootStrapped; Only 2 institutional rounds
\- Hubspot for Sales and,Customer Support team * BootStrapped; Only 2 institutional rounds later
Hubspot for Sales and Customer,Support team * BootStrapped; Only 2 institutional rounds later *
for Sales and Customer Support,team * BootStrapped; Only 2 institutional rounds later * **PMF**
Sales and Customer Support team,* BootStrapped; Only 2 institutional rounds later * **PMF** :
and Customer Support team *,BootStrapped; Only 2 institutional rounds later * **PMF** : You
Customer Support team * BootStrapped;,Only 2 institutional rounds later * **PMF** : You don’t
Support team * BootStrapped; Only,2 institutional rounds later * **PMF** : You don’t need
team * BootStrapped; Only 2,institutional rounds later * **PMF** : You don’t need a
* BootStrapped; Only 2 institutional,rounds later * **PMF** : You don’t need a lot
BootStrapped; Only 2 institutional rounds,later * **PMF** : You don’t need a lot of
Only 2 institutional rounds later,* **PMF** : You don’t need a lot of money
2 institutional rounds later *,**PMF** : You don’t need a lot of money to
institutional rounds later * **PMF**,: You don’t need a lot of money to reach
rounds later * **PMF** :,You don’t need a lot of money to reach Product
later * **PMF** : You,don’t need a lot of money to reach Product Market
* **PMF** : You don’t,need a lot of money to reach Product Market Fit
**PMF** : You don’t need,a lot of money to reach Product Market Fit *
: You don’t need a,lot of money to reach Product Market Fit * Money
You don’t need a lot,of money to reach Product Market Fit * Money is
don’t need a lot of,money to reach Product Market Fit * Money is not
need a lot of money,to reach Product Market Fit * Money is not the
a lot of money to,reach Product Market Fit * Money is not the bottleneck
lot of money to reach,Product Market Fit * Money is not the bottleneck in
of money to reach Product,Market Fit * Money is not the bottleneck in getting
money to reach Product Market,Fit * Money is not the bottleneck in getting to
to reach Product Market Fit,* Money is not the bottleneck in getting to PMF
reach Product Market Fit *,Money is not the bottleneck in getting to PMF *
Product Market Fit * Money,is not the bottleneck in getting to PMF * Created
Market Fit * Money is,not the bottleneck in getting to PMF * Created one
Fit * Money is not,the bottleneck in getting to PMF * Created one mistake
* Money is not the,bottleneck in getting to PMF * Created one mistake in
Money is not the bottleneck,in getting to PMF * Created one mistake in the
is not the bottleneck in,getting to PMF * Created one mistake in the 1st
not the bottleneck in getting,to PMF * Created one mistake in the 1st Product:
the bottleneck in getting to,PMF * Created one mistake in the 1st Product: Not
bottleneck in getting to PMF,* Created one mistake in the 1st Product: Not charging
in getting to PMF *,Created one mistake in the 1st Product: Not charging enough
getting to PMF * Created,one mistake in the 1st Product: Not charging enough for
to PMF * Created one,mistake in the 1st Product: Not charging enough for your
PMF * Created one mistake,in the 1st Product: Not charging enough for your product
* Created one mistake in,the 1st Product: Not charging enough for your product *
Created one mistake in the,1st Product: Not charging enough for your product * To
one mistake in the 1st,Product: Not charging enough for your product * To create
mistake in the 1st Product:,Not charging enough for your product * To create a
in the 1st Product: Not,charging enough for your product * To create a big
the 1st Product: Not charging,enough for your product * To create a big business,
1st Product: Not charging enough,for your product * To create a big business, you
Product: Not charging enough for,your product * To create a big business, you have
Not charging enough for your,product * To create a big business, you have to
charging enough for your product,* To create a big business, you have to be
enough for your product *,To create a big business, you have to be a
for your product * To,create a big business, you have to be a champion
your product * To create,a big business, you have to be a champion of
product * To create a,big business, you have to be a champion of a
* To create a big,business, you have to be a champion of a Job
Eg - Adobe is a,champion of Designers * **PMF** : No matter whoever you
- Adobe is a champion,of Designers * **PMF** : No matter whoever you hire,
Adobe is a champion of,Designers * **PMF** : No matter whoever you hire, you
is a champion of Designers,* **PMF** : No matter whoever you hire, you still
a champion of Designers *,**PMF** : No matter whoever you hire, you still feel
champion of Designers * **PMF**,: No matter whoever you hire, you still feel things
of Designers * **PMF** :,No matter whoever you hire, you still feel things are
SUCKING sound from the market,* Product and story matters a lot ! Product inside
sound from the market *,Product and story matters a lot ! Product inside looks
from the market * Product,and story matters a lot ! Product inside looks the
* Just the wrapper of,pricing changed and boom, we hit the inflection point *
Just the wrapper of pricing,changed and boom, we hit the inflection point * Product
the wrapper of pricing changed,and boom, we hit the inflection point * Product is
wrapper of pricing changed and,boom, we hit the inflection point * Product is the
of pricing changed and boom,,we hit the inflection point * Product is the last
pricing changed and boom, we,hit the inflection point * Product is the last touch
changed and boom, we hit,the inflection point * Product is the last touch point
and boom, we hit the,inflection point * Product is the last touch point for
**Perception and Distribution** is more,important in early days => Will I lose my job
* Complains are okay -,People are engaging with product - that’s good and not
Complains are okay - People,are engaging with product - that’s good and not bad
are okay - People are,engaging with product - that’s good and not bad *
okay - People are engaging,with product - that’s good and not bad * If
- People are engaging with,product - that’s good and not bad * If people
People are engaging with product,- that’s good and not bad * If people are
are engaging with product -,that’s good and not bad * If people are not
engaging with product - that’s,good and not bad * If people are not saying
with product - that’s good,and not bad * If people are not saying anything,
product - that’s good and,not bad * If people are not saying anything, that
- that’s good and not,bad * If people are not saying anything, that is
* **Biggest Metric I tried**,: $ per employee - 100K$ per employee revenue and
**Biggest Metric I tried** :,$ per employee - 100K$ per employee revenue and 50%
* **Another Product thing** :,More feature requests and less bug reports as you start
**Another Product thing** : More,feature requests and less bug reports as you start growing
Product thing** : More feature,requests and less bug reports as you start growing *
thing** : More feature requests,and less bug reports as you start growing * **Engineers**
: More feature requests and,less bug reports as you start growing * **Engineers** should
More feature requests and less,bug reports as you start growing * **Engineers** should be
feature requests and less bug,reports as you start growing * **Engineers** should be close
requests and less bug reports,as you start growing * **Engineers** should be close to
and less bug reports as,you start growing * **Engineers** should be close to the
less bug reports as you,start growing * **Engineers** should be close to the Customers
bug reports as you start,growing * **Engineers** should be close to the Customers *
reports as you start growing,* **Engineers** should be close to the Customers * When
as you start growing *,**Engineers** should be close to the Customers * When creating
you start growing * **Engineers**,should be close to the Customers * When creating a
start growing * **Engineers** should,be close to the Customers * When creating a category,
growing * **Engineers** should be,close to the Customers * When creating a category, you
* **Engineers** should be close,to the Customers * When creating a category, you will
**Engineers** should be close to,the Customers * When creating a category, you will have
should be close to the,Customers * When creating a category, you will have to
be close to the Customers,* When creating a category, you will have to do
close to the Customers *,When creating a category, you will have to do a
to the Customers * When,creating a category, you will have to do a lot
the Customers * When creating,a category, you will have to do a lot of
Customers * When creating a,category, you will have to do a lot of education
* When creating a category,,you will have to do a lot of education of
* **Don’t see what others,are doing but see what is the competitive advantage you
**Don’t see what others are,doing but see what is the competitive advantage you have**
see what others are doing,but see what is the competitive advantage you have** *
what others are doing but,see what is the competitive advantage you have** * Eg:
others are doing but see,what is the competitive advantage you have** * Eg: First
are doing but see what,is the competitive advantage you have** * Eg: First few
doing but see what is,the competitive advantage you have** * Eg: First few years,
but see what is the,competitive advantage you have** * Eg: First few years, we
see what is the competitive,advantage you have** * Eg: First few years, we used
what is the competitive advantage,you have** * Eg: First few years, we used just
is the competitive advantage you,have** * Eg: First few years, we used just Customer
the competitive advantage you have**,* Eg: First few years, we used just Customer Support
competitive advantage you have** *,Eg: First few years, we used just Customer Support as
advantage you have** * Eg:,First few years, we used just Customer Support as the
you have** * Eg: First,few years, we used just Customer Support as the competitive
have** * Eg: First few,years, we used just Customer Support as the competitive advantage
* Eg: First few years,,we used just Customer Support as the competitive advantage *
Eg: First few years, we,used just Customer Support as the competitive advantage * **Q:**
First few years, we used,just Customer Support as the competitive advantage * **Q:** How
few years, we used just,Customer Support as the competitive advantage * **Q:** How did
years, we used just Customer,Support as the competitive advantage * **Q:** How did you
we used just Customer Support,as the competitive advantage * **Q:** How did you build
used just Customer Support as,the competitive advantage * **Q:** How did you build the
just Customer Support as the,competitive advantage * **Q:** How did you build the culture
Customer Support as the competitive,advantage * **Q:** How did you build the culture of
Support as the competitive advantage,* **Q:** How did you build the culture of experimentation
as the competitive advantage *,**Q:** How did you build the culture of experimentation and
the competitive advantage * **Q:**,How did you build the culture of experimentation and giving
competitive advantage * **Q:** How,did you build the culture of experimentation and giving in
advantage * **Q:** How did,you build the culture of experimentation and giving in to
* **Consistent Messaging** * We,are building something great * Small small wins celebrations *
**Consistent Messaging** * We are,building something great * Small small wins celebrations * Celebrate
Messaging** * We are building,something great * Small small wins celebrations * Celebrate and
* We are building something,great * Small small wins celebrations * Celebrate and drink
We are building something great,* Small small wins celebrations * Celebrate and drink *
are building something great *,Small small wins celebrations * Celebrate and drink * Become
building something great * Small,small wins celebrations * Celebrate and drink * Become personal
something great * Small small,wins celebrations * Celebrate and drink * Become personal *
great * Small small wins,celebrations * Celebrate and drink * Become personal * It
* Small small wins celebrations,* Celebrate and drink * Become personal * It cannot
Small small wins celebrations *,Celebrate and drink * Become personal * It cannot happen
small wins celebrations * Celebrate,and drink * Become personal * It cannot happen transactionally
wins celebrations * Celebrate and,drink * Become personal * It cannot happen transactionally *
celebrations * Celebrate and drink,* Become personal * It cannot happen transactionally * Consider
* Celebrate and drink *,Become personal * It cannot happen transactionally * Consider it
Celebrate and drink * Become,personal * It cannot happen transactionally * Consider it as
and drink * Become personal,* It cannot happen transactionally * Consider it as a
drink * Become personal *,It cannot happen transactionally * Consider it as a SIP
* Become personal * It,cannot happen transactionally * Consider it as a SIP investment
Become personal * It cannot,happen transactionally * Consider it as a SIP investment *
personal * It cannot happen,transactionally * Consider it as a SIP investment * **Monthly
* It cannot happen transactionally,* Consider it as a SIP investment * **Monthly Townhall**
It cannot happen transactionally *,Consider it as a SIP investment * **Monthly Townhall** *
cannot happen transactionally * Consider,it as a SIP investment * **Monthly Townhall** * Not
happen transactionally * Consider it,as a SIP investment * **Monthly Townhall** * Not in
transactionally * Consider it as,a SIP investment * **Monthly Townhall** * Not in a
* Consider it as a,SIP investment * **Monthly Townhall** * Not in a boring
Consider it as a SIP,investment * **Monthly Townhall** * Not in a boring manner,
it as a SIP investment,* **Monthly Townhall** * Not in a boring manner, but
as a SIP investment *,**Monthly Townhall** * Not in a boring manner, but in
a SIP investment * **Monthly,Townhall** * Not in a boring manner, but in a
SIP investment * **Monthly Townhall**,* Not in a boring manner, but in a nice
investment * **Monthly Townhall** *,Not in a boring manner, but in a nice manner
* **Monthly Townhall** * Not,in a boring manner, but in a nice manner -
**Monthly Townhall** * Not in,a boring manner, but in a nice manner - Repeat
Townhall** * Not in a,boring manner, but in a nice manner - Repeat the
* Not in a boring,manner, but in a nice manner - Repeat the values,
Not in a boring manner,,but in a nice manner - Repeat the values, culture
in a boring manner, but,in a nice manner - Repeat the values, culture and
a boring manner, but in,a nice manner - Repeat the values, culture and principles
boring manner, but in a,nice manner - Repeat the values, culture and principles *
manner, but in a nice,manner - Repeat the values, culture and principles * We
but in a nice manner,- Repeat the values, culture and principles * We trust
in a nice manner -,Repeat the values, culture and principles * We trust you
a nice manner - Repeat,the values, culture and principles * We trust you from
nice manner - Repeat the,values, culture and principles * We trust you from Day
manner - Repeat the values,,culture and principles * We trust you from Day 1
- Repeat the values, culture,and principles * We trust you from Day 1 =>
Repeat the values, culture and,principles * We trust you from Day 1 => We
the values, culture and principles,* We trust you from Day 1 => We give
values, culture and principles *,We trust you from Day 1 => We give the
culture and principles * We,trust you from Day 1 => We give the best
* **Good Reading Books** *,**Built to Sell** \- John Warrilow * **Netflix book on
**Good Reading Books** * **Built,to Sell** \- John Warrilow * **Netflix book on Culture**
Reading Books** * **Built to,Sell** \- John Warrilow * **Netflix book on Culture** \-
Books** * **Built to Sell**,\- John Warrilow * **Netflix book on Culture** \- For
* **Built to Sell** \-,John Warrilow * **Netflix book on Culture** \- For reading
**Built to Sell** \- John,Warrilow * **Netflix book on Culture** \- For reading on
to Sell** \- John Warrilow,* **Netflix book on Culture** \- For reading on culture
Sell** \- John Warrilow *,**Netflix book on Culture** \- For reading on culture *
\- John Warrilow * **Netflix,book on Culture** \- For reading on culture * **Monetizing
John Warrilow * **Netflix book,on Culture** \- For reading on culture * **Monetizing Innovation**
Warrilow * **Netflix book on,Culture** \- For reading on culture * **Monetizing Innovation** *
* **Netflix book on Culture**,\- For reading on culture * **Monetizing Innovation** * **Hires
**Netflix book on Culture** \-,For reading on culture * **Monetizing Innovation** * **Hires in
book on Culture** \- For,reading on culture * **Monetizing Innovation** * **Hires in US**
on Culture** \- For reading,on culture * **Monetizing Innovation** * **Hires in US** *
Culture** \- For reading on,culture * **Monetizing Innovation** * **Hires in US** * Marketing,
\- For reading on culture,* **Monetizing Innovation** * **Hires in US** * Marketing, Product
For reading on culture *,**Monetizing Innovation** * **Hires in US** * Marketing, Product Marketing
reading on culture * **Monetizing,Innovation** * **Hires in US** * Marketing, Product Marketing and
on culture * **Monetizing Innovation**,* **Hires in US** * Marketing, Product Marketing and Partnerships
culture * **Monetizing Innovation** *,**Hires in US** * Marketing, Product Marketing and Partnerships -
* **Monetizing Innovation** * **Hires,in US** * Marketing, Product Marketing and Partnerships - we
**Monetizing Innovation** * **Hires in,US** * Marketing, Product Marketing and Partnerships - we are
Innovation** * **Hires in US**,* Marketing, Product Marketing and Partnerships - we are hiring
* **Hires in US** *,Marketing, Product Marketing and Partnerships - we are hiring in
* We closed leadership roles,and then they hire under them * We hired an
We closed leadership roles and,then they hire under them * We hired an agency
closed leadership roles and then,they hire under them * We hired an agency in
leadership roles and then they,hire under them * We hired an agency in US
roles and then they hire,under them * We hired an agency in US to
and then they hire under,them * We hired an agency in US to get
then they hire under them,* We hired an agency in US to get an
they hire under them *,We hired an agency in US to get an agency
hire under them * We,hired an agency in US to get an agency to
under them * We hired,an agency in US to get an agency to help
them * We hired an,agency in US to get an agency to help you
* We hired an agency,in US to get an agency to help you to
We hired an agency in,US to get an agency to help you to see
hired an agency in US,to get an agency to help you to see if
an agency in US to,get an agency to help you to see if initial
agency in US to get,an agency to help you to see if initial basics
